5D7QePKCXgdiPeS8oWR5wHhdS1sqRtb9TNfKj4TCMYwoRtrm,5EWzXL6QnUKP5mpwGCq3P9gZ5BsrPdhRa8KUc2zZNYNYCqHw
5GGbDsfUVdnkRwJp7ffJk681fem8DTqSP8hd5cDFfrHAVj6y,5D7awaYe3Yiu5DgA1ruoa3fyj7UNUckaNAaQU5g8cdjAqv7Q
5EyjyvJ2rwKn6RJpxLZYyQSTyGPaAvhRCLZrVkb2UMXQ8HEv,
5D7qCDMBRDx5XMXWmCWadsTrkesQ529J6qX38ENzj8yWcNWZ,5CULfDi42UBMjMeqtjacqBZipJnhe2SGrwpd6ESiLmbyEmKg
5EjeXM9aHY2N9wSVtEQbRgzXgHE6kZ7mRvSZPyoNtaSD8veq,5GYm8tjVuqJdNMbXxydrHEHjU7pL3cbj1xAmajTeLq5jrDEL
5G745jFPYnhfBwwANbNiR3HEru6uBHjEhh1t8Ai8dZYSVi2t,5D8CruiQXVRQR7fozWMn831R2xhNwD1uebBGj2dDKTJtBxFW
5GrwvaEF5zXb26Fz9rcQpDWS57CtERHpNehXCPcNoHGKutQY,
5G9TuCM8NtpxXw7mYXvmsbRKdQmoYTs1GEJsSg5tNUuFTpdf,
5GbJescaQ3vKktZvhcF75Ueeb83JJh4MXc3u1FgfooF1d9mu,5GbJescaQ3vKktZvhcF75Ueeb83JJh4MXc3u1FgfooF1d9mu
5CdBNcG36LB4xs6FL6znaix2KCkhAMikoY7jMtWysCN5z7fG,
5Dxwuh29vonQETFoKcdTqmwMNK3eBDsi5DpvWpaMXwKANM2o,5CdBNcG36LB4xs6FL6znaix2KCkhAMikoY7jMtWysCN5z7fG
5CWxS8FziskYSkKcM87weTvVm96HVh1ACHxhajm21R3VN7Q9,5DZVeJfBauwqWcz8HL4c5ufMEc3dipf6bkBtBXMH9S9RozKT
5G6Aa9Fws9Cn87NNnpURKd3WBrpWgyfhxgEPtSd9iNY8cVgK,
5DS2K5WDgkuvmMSssh3zivUEJypjjRTtQ2Kwcv1LNiMYaJxh,5G6Aa9Fws9Cn87NNnpURKd3WBrpWgyfhxgEPtSd9iNY8cVgK
5HTHiguDzNfDbhHDE4FoHcRADovpCGjndSUq5PhQKYMDXme3,5HTHiguDzNfDbhHDE4FoHcRADovpCGjndSUq5PhQKYMDXme3
5EDCEAezJWR9cQJY8ZyWq7wwzMA6ByRjFE87noLBXfotDssY,5EDCEAezJWR9cQJY8ZyWq7wwzMA6ByRjFE87noLBXfotDssY
5CtYu1M3xTzdoXxv71WThwSPKDfCEqzEEuuBk6W3AWe3gjz8,
5G9SStzcmSbnSYjgrajLHY71GUqmPZJxqu4hehh4yiiWhVkj,5DHoXPRoBrdKv4dhbSbnQfatMuUs3jyBnzApGExNCkErsi83
5CHxjsz8uKWv7jgpbcQDWdrop8WyEDZnUbiBS654Zcfk4CCQ,5ELJgk8fd5awAaYQt4eQ9ARBPcS4wb8EQtq4yqaU9YbSuHB7
5GBZLn58wfiDDQHypfNax4yXJTaadPKp2MasM2GDQKKeiRA1,
5GNQU6xYo9kZHjwRy3ayJi31aEZtGtcgFyt4JAfGr5JSp3Uj,5GNQU6xYo9kZHjwRy3ayJi31aEZtGtcgFyt4JAfGr5JSp3Uj
5D7an5LfdWgvUqhS8p4w8utRUHBtefeVw4SbR4SyYq5pkVQE,5D7an5LfdWgvUqhS8p4w8utRUHBtefeVw4SbR4SyYq5pkVQE
5H5wrwyNM4bsnt7ngPsiUCfFi34ho5gRMKjwJ2sHytpbWnRi,5G9TuCM8NtpxXw7mYXvmsbRKdQmoYTs1GEJsSg5tNUuFTpdf
5DURc72LMvGCawh492DoeVHnGKA4MCDBWASrYy5DzqbE5pPX,5GeDo59z58XocvrbdtYCjrhYQ6rhoTTVThb8k6tLgfbjcwE6
5DS47XxmBTegVhZ4a8VHJMA43ZsHgHVDmit813XrTyeqd9i3,5DMKp22Se499rohC4L8jGmEURVDiaMxNKforitBuazfYdMh5
5GC69DLWSrvK97Pc1VjnjKuncbJspm1MBht4WQdL1H2GVu2T,5GC69DLWSrvK97Pc1VjnjKuncbJspm1MBht4WQdL1H2GVu2T
5GpEmTuxR6izJ299x332pUZcT5ZsiFjF573PrGbSbRMReLFm,5GpEmTuxR6izJ299x332pUZcT5ZsiFjF573PrGbSbRMReLFm
5CSdtoqjLJpZPmvcs8WfnqXFSVsaDBiKfjNiujaTkDh1UHEy,5DAuwbcFMLSHAFeG3xBVjNHTungCidwDzBLkverF3pfTmKqf
5H6kaybApDwKbJp2RdgMhVeGjnSzUXwXE9B9QX61kvrWbCHm,5H4P3er3gb6p2FazBur8KaTMs3U2XkLRrTMXRv4TjR7yFTsa
5GHSZn765WF3n1WRApCh9vixH926DJcrc6kzEESKDMjo1iqf,5FgrhnaGqNodZsNJG8rZxh9xLHf6Dh7xvzGuskb9SHfbEsZw
5H3E4yaz4gWFHuCPxXd1oLW5wJcewQ9UiYknBS97xNWpPqom,5HpS9MnYR4QRTFPjJ1K3tgiEuhjnbiHdvFH7eZb1nd9Svz7C
5EkeWWZ6MCfQHsz9JmuBtrnfYc4sbneHmHWxgVGuPrCs9V4m,5C55HiodWeeiSwE9k6N6BWFPbrtvcc7RFNDTBPscpqdsukta
5CiFu7Sc3ofkHoDRMXeSsGSKAWCjk9E5tZd1pFiLFzMEgZ2V,5Ea6YxEEnW3Qw19aKqP5ZXunpedrG2X5hggzjzTmtM4gNw1a
5FEWEHePN8cTJMjETj6chGtmZ7dQFKdtgw6CErkfTa2fHJ2b,5Fh444WfAQ1qcUCe4g7EW6sD3aGaNNi9cAyVnsAVaqRcdoAp
5DyiQbnM5cL5KxrDbV42sX7XbAP3C8nf38jX1Ecy46frV9zS,5CHy54eFCmmK87Uy4LDRKHWGFiKGV7ouFwDTuuzJXffpcaFo
5F1WUcPW7EPYT2aWJVvKqVBYnsvALfT82YRC5SVX2DY1mjYx,5H49RQbkqEmNJb63MUAzsPSWtdgH53MMCoiYVswQQCB3NwFH
5ETvUfVXhZy1rr2hGK3r9mSf4v5xwnHKCQHo6T8aq5aZwhk6,5GNJoaes5puzw8ohsETGCWyDG52VJZzoDfz7kK9teb3bTJAe
5DLYQjocMF7pxgrnHR3acue9Vh4Qyb2d3fAuyBwuwDL3yd6f,5Cr7vGkov6jYXQGJUAr4UUZndjRqe8oGqXvZgrs5amNaca5F
5DCUi5M3SsEgtTZ8YEF1tSsvSYvmUWDgdwA1KHtgjvw1Hfea,5DCUi5M3SsEgtTZ8YEF1tSsvSYvmUWDgdwA1KHtgjvw1Hfea
5E1ttCLKHTvor1VKNrDFyMyo6QqDZ9jxiL1E4yzgYWtD2Moe,5E1ttCLKHTvor1VKNrDFyMyo6QqDZ9jxiL1E4yzgYWtD2Moe
5EqwVEWGRNN6ETUKW8W77pqqNRWh6WPWmU2ReCpteKai8tXw,5DWgLfH2KiVtrW8TLjRtV2Gn1cG58X8xN7o9nXfVbdJr96pv
5CDqAs16xUmiJcCJ1jz4J3nHXuSPtqz2E3wUL3an3CVxF4Pm,5G3w347JacrJo9zg3jPRuEXiE1RNbvYvxf2J9hPJMEVgds2m
5Gsgn9ZRjwYoMP8XxEf3Rtv7KfQtB4Lv7YhQjS42fMv713Nf,5Gp72xTidYKhgjgSmzg6CdfrMESh5FY18ETPmExSeTs5uR3j
5EZSb9tYB14qRCYk7z4h7KD4j9VVoq6enbzb6EJg6b6mJf3o,5EZSb9tYB14qRCYk7z4h7KD4j9VVoq6enbzb6EJg6b6mJf3o
5Eq51Z5tfZjp6p7cCaAY6A1SQfsAPnhmrKv3TgWLrkdjiMoE,5FbkYWmMb8jxxZGKTAe8w4Nmnkbpfn4KjwFiqk6ZDUBz3NTJ
5CkKeRGA7Jzm2E6Gd5FfuQkjwMxwz2wh7xtn6euUu2faSoqb,5HQRrstHz9VLjgxJQNPa7shXjX7pXnQndUaTxKiLFmDZmwsC
5Gp72xTidYKhgjgSmzg6CdfrMESh5FY18ETPmExSeTs5uR3j,
5DME2iHq4L4T45aThkFNw9u7NbcWqo9HV9EqNzLpyH7jF4wf,5Fbtvqe1C6b24azyaf9Zx3uexhKsfHNM52jw8iN6g5vmodsD
5Hgy1J8998wu2uzjsEB5dP3sLcqps3nSwjNUNeuPjxHMYF4Q,5HYf5F8dxwMqQyzm4rnTsALVKE2F58xH1hJYZGeVAyDSvpkK
5FNoyWgYWCQwwt3z8nNfdxyvy2uQMan6hp2fp1J1VqRAbJCV,5H8XaXvf77vmvQoVj9bQk1zTSeQvqJ1PAfqzShtLjCexN5eU
5CchyXfvJ5NGM6TtkzX65KEjqzdiAn1ArHd8S3QYuxXzNiy8,5En3v8fEtAX6nnfEchgHpVoCHbReT41DGUxaM8aurCKGzaTr
5GuV6BBriomWq3X4ggNE2yF9ecaDnRhARbja8ewj4rK94A89,5HC5HYDDYSJkrZd64BvoRUavqNahPQ8oecw4Np9yjXWi92nL
5H14BMxDVKMeH3vCoFhXAGSZB2xPe3QmKvUvcofjBqvGbpVi,5FvYt9G3MHCX51x4fWKcxn78kyWoADdhj215HR6dSgvUByNz
5Hjcim9XgkpNjUUGSZhGYh8PCmZmotLAarvPBKrkkV1LLvzB,5Hjcim9XgkpNjUUGSZhGYh8PCmZmotLAarvPBKrkkV1LLvzB
5GpiyGrFdESFY3Cx4KmSSkanRJ3wdADJpQ6xWRUk7RmGtgsT,5GpiyGrFdESFY3Cx4KmSSkanRJ3wdADJpQ6xWRUk7RmGtgsT
5EUNUqf9pbMnBhhW2rddKCRf16hJo9oSebNP8wjZbeHNS8C9,5DkRR7A7kXJqXYZBZcEWKsyKgukDXqCCTttqnDAKyZReKKg1
5Fuz4Sj16PcXfvn2DJ3cTtsAovWKpKJUpJNpQWryqj23zftR,5HGZCRe3iZQJoJXXDjKccZN2eavdd1zopFzyrbXYA3m2wLCB
5D219QtibRcAMG2zsSRGoAEUV1Zp3JJ9G9vNUveQjr3YQEaF,5FeGts4BKsZ6xDUymgCdGpTq2aFkv3ZCUesgq6GZ5RimorUM
5FHfQtY5CmkZEzKmJ55vyJbDZn79693BDYVrUUfLYmrSyNaj,5CtGtjyo1qytVw64TCciYbGx9HptEs2hAHNjCbs5fsGvKTYr
5FHhxF2bg72fs1u4bo5dyMHPrNhJddsYnBE7QpDt4dSXDSQL,5CDqAE1vmzL72FhiizSmDdeYLiQikrMQ9dtttkPrK4c8esoN
5FL8Waaku6bK259wdq184H5b2Bxt9jQgqJXZKreD9XXJnj4i,5EcjBZCsC5KwVzDKZG46cqtHM6WqqYgZ5RKQtHZ52aupo3cJ
5G8rc1okCk5tFaitGzFU4SDEqkhGyYqNcrQrb9csUGT85DUt,5CfnBj8ftbcxdGp4kpDYCYNSdbUfcgZM2nYze7SCoDw5dT31
5HR571F4eT1SseV2SCwuwS4etLS7PjSSCcQDeizzLGR77WtU,5EHeoi66aqJWur1Zrz9mUM3aABSukwJVd2c6sC5aqKNMJRzC
5DJ5qRTBZauoEAB5pQAHkabdxwSjsKSygzXsfpPhy3Xx4Jkd,5D5Zk45EdBxgAopAveaJjWJAndNd7vaoD3Zmbdf2CgBfSpAt
5GU4XxQmxjsbqpi7UL7E2ApjdgadGPtgCqN7GRewTT4C8Zff,5CcqVtPutix2htLUdtaWySkwE4kMGhnjHyLAFq6cA9UirNg6
5FThzKJFccGwhm4N4n3dLwvmBB5Uffbowy1EhpQR4Zv3few8,5FThzKJFccGwhm4N4n3dLwvmBB5Uffbowy1EhpQR4Zv3few8
5GDzre8vBru22PvxK6RXJdgs6m2h7dCahmsAZG5eCWutNCfu,5HjXwKjVfc1iThRoYwrPsibjb2TpeYvNcBx2xg9S8tyESYoP
5DyDxd1h5myJx73BHPtxPTe3Vg4eNSan863dJqTeiuxBoQTA,5GKQWpzPzSvThqtw1T8RAcfVMapAjEtbUzwN4eSeYgLiDYc5
5GWjuRNYYRcu65RsEPHTr7ZYQZGb2CS1ukkaeASZkgjVhoky,5EhuS1FbKd8qisj3sZT17DsU8dKsxnseFaL9hxdr7vVLdCBZ
5FNfVMMgXZFzD4LhTHtz9rSP5MsmNGmYWA9YAczX18xPzecj,5DRuT4JT7HUpWrCu69VwUjNafbLWrNGZ5Fq8qXNPBAomgRdE
5Dq659zu56VX8xg2cTjUGbqRpoS5iWSEa7z6yXdmS7XNV45n,5DPK8rudhp4sdwxqzBbVFWwk55WQBY9yF9KfEhfieJQ7Lmhw
5HQa4KzWngryvqV5rgfNQTxoE8TiGBYJY7NaqWemjBHyT78w,5CahE4TCZaUNw3QuzDBuQJEjJFSsmY8NN8pWtrbBBQ3jaF3b
5GuiGCvRSx6RdcpHJ5An64qQjQTV2gsE6DmN1KRo8fuKnHFo,5GzjiAC3URnkBAR8YHtzPTB9KH75PHbJUjueffvByJBnhvVW
5C7YciwF26bsLBuuvnXJUo73zTaWLzRMCts9FPFnWiGbBuEo,5D2rZKbWK8xy8kNRqtT8jz9KL3sdDpKd9bJLditKxTXr1swR
5Fhj64ZhhQUKuUvNaWRgqt3gD9h8JNTvfRpkjajzcUb53TMX,
5ESKTRBm3tEh4a8n7msw4ydYiMARHDm9HLR2L8kXj5wiffbD,5HeMEFDKBfA73WvRqLLymbfK6u9PhjwG754eC7WR9KWeFZVb
5FUXYC42pBu4howKuaDS1SFbYHmQTUeGonc2S1L7zgD4fEcy,5EeBjFLnK1D4PKE139wTY9za7PVZ1mvtFUcTpjRQSNAgmnXp
5CUvzoD682uatZ7RyMsiqay9vd8wUMCDnzayhgyGjprqGppN,5CUvzoD682uatZ7RyMsiqay9vd8wUMCDnzayhgyGjprqGppN
5HVQJnYgPocktn1JYpu1j6RHjnt9XSeFN8RWu4h6bysggFYw,5GbxFmHd5pNwzaQZbWABAYz522tDTiqrasJ9f2fVoZz9TX3Q
5EoAVGZMqS8sn9GnNYZHRB2gRi15TW2o54oVQVmccGUwz84w,5GbdQFoCMQeL8xVYsqkwzL4UM7qDo1NeaW54J7gkZy6EDhA1
5ERZquN8jWahHmtGn2fniFm4vRn8k11QvWMvErbKNsuhWfex,5Fhj64ZhhQUKuUvNaWRgqt3gD9h8JNTvfRpkjajzcUb53TMX
5G3h26chWSVWXbguXoTiRskBkecR5kD8dcSC4bfVAXCRu8YM,
5ChSbLeNZtuLrrAop2REpYmB197DSPNDqyctRFe1JFx2eavE,5FKy9HW2uFp8o67yDmRfgCmrzPoYTW4ZmNGShq1KCoRoW8qh
5Dd6dyJvXXififf5mHhWk3gBSvK9U74dMJKfGLKUFxPozwWU,5Gsv524km5VP2qpagyDFq2tjUxkTyXUfadDq3jazZyNpZpTG
5CXEEg3Pt7ebBR9xAGz9sRCfjN3a1d3nRui1nByiJKnwXtrB,5FkM3Cpbcf8VjujhyLmbtKFUT7qmUX5hFh1WY5Qu85kWxWVs
5H3X62Z58ZQa5si2dF4w3AH4bRSx9cRrSXF71BxqskEBBHZF,5Eqcb7RXD21V7dKmbgPDQueD5AR5m81oagqT38DPxipNd9AQ
5DHoK8RAN3G4mrPPEFM4XaCRnTEevrWwrMkuyFXxqwYW5rhJ,
5EAFFzRX3kR572MhXKv9un8geS4NRXTYqbKos66xtF5i7rhT,5Fuf98FdjZvR3iyN87UsVTm8cvvN8HWjWE6kjwrsF357nzAD
5HSqzwnZDsRWJkysgXFDTJwfpveVfSCny689B1hAYmufmXwd,5HSqzwnZDsRWJkysgXFDTJwfpveVfSCny689B1hAYmufmXwd
5FnkRvWCVpgYusm3MH1wthXR1mCQbptNfVPb2EJxUcSVyDAn,5FpkjHGby8HNBQmFPN9jewMPayGL8izyhyGGHKGeXcCWbQgh
5CHzPGcfZvgmUmVwRMc5QwDCaRzZNcNuKCUEosYVdxuwz11V,
5H5y1vSjTrKyrRyJbtPpCV25Lj9XnUy9CsJZntrw51XEiecm,5EvgKhFn99UFPU6JK9mawohs6522KJeDeDxw87cYbgpsWGrP
5FnMo2d84a8DoBNjvWrThLdH1UsocVNjJQFmuuqSyLmMaZNJ,5C8Xr7mFusPg24jcoHyhGHrzE5T5FWR3qGe9sy96MLMxn3we
5FPKKNmAYALhRfCZeREnFGAQZqw714Lkp8mf8ESYQWe7jyLt,5FLNUw8EgkrNbAX1ByycFZZTbz8LjQ3A1Vj7Eq8higUt6s47
5CPxR4we8bSJTVDUUFKo83UcGdTfXVcm14iZ82e83sgvqyKJ,5FhDyEPsdwhaZCKSdfxPmU4jsRDNtaSV2nZanAJGYhNpvRFk
5Hg2PKBjk8mBHR12Mt8QLAhMyTyPbS6f9tRPcJE5wrYNmYB7,5C5ajEgefV5EpYAn3tQ6LmiBduYDy53PFEnVEtHQoFxGHnRG
5ERNwab2nLRzfTSwAaDYEmMKM2kFszhSKy2voZrYQxhcFND8,5D8JaZy7sgDmLLZ1xwJptopDVQ8W9qBMtGG4FPeYc3ZZa6gj
5CCdYNhBCokaYqv8CEqmXzWWUJWAtg73V9TSLnLcy4SCknUZ,5F1v6fz89SC8XYFDK275pZT47VkAJhhdxstjh4fb1BSssvYM
5HijCaexTMzNVvCZNL6fsDXZyLC5dBYTsJgY239gF5NKWTRP,5EtULdgfGPZ72kK2D69uFCLFtU9ZcLMy6pCEDjh3HAL5xv88
5DA6GbMd2qfBKpTDzHeYSoTVnrEyMjbptsjNE3qQr8jfpTw2,5EL9sbMv6bDwYvjWNoEjtgLrfn4fN27avp6YKfPJsC4QHzVP
5EnXg2ueVkuG2H2konb1LDNbXCbquyPD9zmKUmGBjzTTtnvD,5FA1quvCVoCGYPLjAyUCVhVmEqGu8k6fpu8VSrUNWKnrb3XE
5F9vmZZPMe6qFub6yhy1XC2TaBvgJgGjYqpB4FvRNsTVvMWQ,5Gk3CzobdGAggz98W1dCuZWPHzLPFRBGDGmiGq8A9pmDM5Ed
5DSQ75gDqPf4DwbTBp6yBiMt2pYPZvYAqB8PeatJVSZLpCoC,5HY1eSZjnM7r2tHAoW1wY4KyCWzRYPxBY5dGWSBpqikphieh
5DPrMfqL124U9NdeRcgU8gdwPC8WrRi91cBThhHNnWq7gUQc,5EvmC2nAuSinzwC62V9FkrgH9BqsUJwgTDdsQKLEBG2AU4CE
5HTMAvZ5kkgnWJymPVUAraVFjAvQexPUQz61PPHsXftJTM3H,5DXrpsb9fqjgc5JhKZtDyuWnKxW4J7STYHwwPHRz8kWt1CTe
5ERSJu2Nn1dvA1WDeHFKjc3ZXr5RgoJGkKc1RTpz7xiDqt2W,5CFhSbiAQAzUAgD23aBckMf3FXp3YTGnEGmAskePB85RTyGf
5ENhHtJxBX7X269FkTMvZPWMC9f7BKFBaNTNMXsNW7vZEtUR,5EnSV3Fv9nXxV7zxUzC2NeDkiPi4WMeuVmk24DGEPgm88K9V
5EqsYtiqZWr7Z3e8AN82mZ7W5hoXQr3DRbi8RMjp7JWLQ3or,5EvR6BDQAFzSrjndfW5kncQ1H89qmr99TxpWqmPUyDnUScYf
5FLP89UZww5fnyjN5ut8qeysQzUzhu5mK8wMFMs2KqjDPrb5,5FHV54tTWeURfiLZcVSKugiTbYkPa8Hma49ZhqwBFcDFiJvx
5DfMmiUETnCpUBueKyignwatxt1XG6g2BB8xzFokcppGQuvH,5H623JMx2qUAbEWBea6RbwpN4Q2RUu96HgKzygRaUtPbN44X
5DRi1MfTrNdmKKZTHQABzeYMMXfH5t69cLi2FEVVe7GxPzEe,5GgGZ7X2nMNYSGxyCsqFCGJJbpmD8PWYktt7A6ciXHM7J5ZG
5HbCimr8d1HYjiTdutdS1VcfJWugwUHLCUpQXzwMLD42SJTy,5CoCBZ5yvpRxEG7MAit259u47BddVBctJcCYNShcro5rReED
5GruekMpwuDZag35WhSTvkGj2YBcPbWuXhsawVgkCArkrCuX,5CDRqpuxCfain9eHwpBjgAQYiXBwDrzJAVfCwm9X52wmZ4S3
5HTsiuTPRyuuFFnUjqWKJzgrDU15nrpCtTqtEnY75AJrQdZy,5EfLkaSPf3TeRAXmAeorKZPYybXQ7jf3tpjbZkCptij1dgHi
5F9NnNszEktVGgtiVNWsvpYJLBoHpt1Dzz4TH2yakbXSSHZs,5GEeA8KxLjQEXikjfgnqqYvrcSawEPt5LPa6eF5b7zh49qMU
5E4k4y895Nm2UhxrDRhh3xje1eDk7sbwbKSNNhV1HxPPs6Be,5E4k4y895Nm2UhxrDRhh3xje1eDk7sbwbKSNNhV1HxPPs6Be
5GukjTULKg9DejBsxzfzRWYmeyuagoGLYRqYJk7kwPieK5fW,5H1fyvSnhvZzh44RUQHA7vYgaTqAM3ggF52hdk8r6pPkN5zw
5FcAnycAhb561BVu7m2aqo88w2eVHRBrU7o3VcZTCGBeZVhe,5G4X9xpksS58JHUxRCCBpZ7EVaeiM8GzHzo6AUFN6uATy4ky
5Chq67wkePH6zHwRnoYNLQiahb2t8qtNH7A7wDib1sCgru4k,5Chq67wkePH6zHwRnoYNLQiahb2t8qtNH7A7wDib1sCgru4k
5DWnGom6SQk45LyAprq5ypLK4beErXZ6id7tuumyYW2MR96F,5CqKpZbZiAn65aBVXqBzJ4fKmPXvd42hLtLyHLhiz8G7ysk2
5F1XKYTSzmqyefuN7xj8suDstERKqZCKGkn66Lt8Xh2f641L,5CaACxZghm7dKErVgynEoHKoAaEbwN9Xwj9YQNQYwKQUW6ay
5GR6EaA66GtobNbo6vWzei6W8Vo9ndSpoQV8kkfKmZD11vyY,5E4GiKifDx7JKF1S2K6z7bGiM9a1QhTMuQg1sWypUSwdv2MY
5GTQqdBy9Rtu4mqCbwsmVi7FS4DVSXQ5w4PLBm9uSroj79qi,5GVi1HR2X6x2RRnJ9MXMw1KMio4hJERiZuyi7SbBy7u1WQw5
5HZBb2Teh1KbYrMpbsnLDgTc5MYE33K4J9DnUFtyR3hZStuX,5D8Hh13AbtMFmywF5CBQYfLQSJ227W3MNw4ixgfgufPrJ2VD
5GZSPfEs4SVkh4Ru7vsFKYi6gfTZkT3qVmi6i1Mw6VaHoPxM,5Ev8fdG4GdVGBksLLoA7F17Gc97576abHmrfY3kvmDU2BRRo
5ExzDHdWJWQczGmsnPCTUbGjHmNWpXMN64jsgTLad1GEUdc1,5EyBwYmjZ5km2Xy5QEVtwZuwsYtmV7QUr5dS1cj2eXmvfSvA
5C5LGt381LYMZTocqFv7NsHD3GCCLH7n6QA28kkWbSoDcXUU,5CFPptxRi5YaXHMrUqDdKh5cGR7C9S1Q1AzQo5Q3PpZD7Sxg
5DoSsbNLAV7hxAucvDx6dsJHcCrGq5NKPKjy3xtzLPZhnb77,5FRNPhS2cEyweWWTcr3D2jqUGjs28XFP7v3KyezrLsrk99Jy
5EhwTYViyyRvqxoTzvchf6Bs82nRubynMthZd5TguZzqNaXU,5C5hP3ZttnsVZZyjmEb4EcttVrkv8HGE9g5ZPg5yYPh8arGN
5H3ARRkBZNKoHq2cgwDUNEJ8kni3ok3Ahxjz7u8vy41BD1H4,5DFNV9ZfC1GoMWzoNGEbfbV6oWxt7ByKx5FErw9TF56i5p4T
5CnxoCfKBK2qeKk5vZq4QNDj6gC5opda4EaKUPdRQ81J4MWw,5HGpYmx7P3MVLpgt7vP9ra1toMrzXaYmLpFwcjofaZxofj19
5EvF2HzbwqyvRGzdR8R1GVGgJVNvUYpQn7KzZaSN2t5ceaKZ,5ELAQ4LtNe82d1AmWJeDqWLfQv9XL9PcvpstCDHZ4FUH8gBf
5HGpYmx7P3MVLpgt7vP9ra1toMrzXaYmLpFwcjofaZxofj19,
5CG3db3NLP2jvdkRFb8M9sgFJB7zJaegYEbqm45iWiP4nhdT,5CG3db3NLP2jvdkRFb8M9sgFJB7zJaegYEbqm45iWiP4nhdT
5ENhu1WWc1VCT7Mom12tvyv7G6TY1SuiPTPFUJM6w6swYqAd,5ENhu1WWc1VCT7Mom12tvyv7G6TY1SuiPTPFUJM6w6swYqAd
5GKtY74mEtgDKYS6YCpRGLnQ7jojNtwe8Es7uiRfGYj2yKg3,5DiCwi1VHkEsZcMyN4qW3dt7ApQeAfwGQEKW3g3ECeGZnoGG
5FsfYmjQYG8eSVkydDCWk1gBexyV6zGzNebdLKAWEuCquhEi,5GGkEB3NzdMQyccaheEPxde5hRaEcWMjacS94q7p8FZPDpSj
5G9j58cvtPCh7ZrshWGSu7AT5FNvSkzxLy2SdWv8ASFti6sc,5EyCwPHfjQ8mUZvp6DUVoxvxkmvdMKM9wci5p4m6NGVyMqSq
5F7CM5dNUg1GhDHzyCSFTHE27Ncp5m4gp6EiJ6ErYFjJCg4Y,5Cr5U1tRT69bavcwDvrwrRoTWvXipnX2Et3h7QaZNnu2rzwE
5CUSrJdcGy56Y7RuY7AvcaBein4LHgrPSunHHFGTzAZjSm5W,5HfxPkNLq3MHMWp6gbJQbQY797wXDXWLgqJ6YeZBq5pauYUi
5CrGrKXcRXhYSjjmwsa4f2LkqLHekKxiZ27zEY5Wrxizjusa,5CrGrKXcRXhYSjjmwsa4f2LkqLHekKxiZ27zEY5Wrxizjusa
5EHTnZmMi3gs2ac8to1d3LA21bCBZ2nTerMdqr4KtSFr4nXN,5FUFYgHY3n2C6YzMcDYRMbyevggziJYqtEJ1U9zuuCJH5ufC
5DqaVFTfUbSUsAnuB3WAjJMzb6kTYKk5jjfHCdsLRM3iJthj,5DtkEnRRhxtdL8r2HGS8vvX3jpuvymZ3PBUfF9PKfFKWfMuq
5DRcpRMgByf9jFhMgfMTybSK1dPXj3g6VV6oJhmcdi25BFiR,5HnEe2fg9vsGBCEsbMQFPxFvE324akZb3qjNqe96unAj7h7X
5CFKqydEcoLXTQaeewHgjYQhzEvAxhWNfPnuwcD8oxNDRiAc,5EL9m8zZAuBYVh6JPkeg67JnRLvrEeg8awabGBvijLjxehL5
5C565EQ6UsoBuioX2M2k5bm4RvQRRDAjQSKBkSHRECkBy9pT,5FPLmDihxU1nAE2svjASgaig5da16pVXcvHecLzEnY1bvDcL
5GnXhiGhvL669vRdFpdFYPJWFdb3Vv788CN5W2X5f5Kt4UZN,5DkSdgG7GA8UEP4cnZf8XRNcypRnbX1ZaFGPJVXTRcmpVPEX
5HBXREFnHsShnCcPhUDPSuz6RhDZiu6c4CLdUUnwmGq5545x,5HBXREFnHsShnCcPhUDPSuz6RhDZiu6c4CLdUUnwmGq5545x
5EKv1iJt5JewqhtKtdsLw5BgBiJL23R64WSFC2KeoynL1vbs,5EyPiAT1sEqW4mqiYoHfGf8wXbNd38WtCBCMaUBTAJFPDVYw
5Eheybxkjn2FXUtUR7KbAKyQKTcv7cdhYxSkb118CPzZBg4U,5GpzSWvLc6rRiCvfGSyfxQri91An1wyi39qA2ugyqaWzkCr4
5C5iU5vvrXdxi2GUuXgVjSW2yjepWkgBDcsyG7oz9Ej1PLhJ,5HYZbMv27ktGoNxfG34qVzLPqadjtY2JT6KbwFdPiCTbLThj
5ERWuGReNNu3dxAt6j36ETz5QvetXfFC8WpvNjP7fuq3ezkJ,5FhJFUxDJYLJyfvFzHisafyDdZAjvXDbjKytpBT6qNEJqam5
5Cfsj7m8usAiobQxHuHqddbtgKDZxRHQ8yxX23938A3TqzNR,5Cfsj7m8usAiobQxHuHqddbtgKDZxRHQ8yxX23938A3TqzNR
5D2VUJV1uCZaLo5gyCB371W5tp46taVGrqWamfGKfiNYR5pD,5FZjtj8bmPued9eAKpN4GpXG8auicZLEG4FiBvRZEPPwgfFW
5DWqqFmW4gCqHsiAzqhoad7ocnFhs4vfAV2dvgPnqH6g13zV,5GKZQqwLpfLWejs2puafybh7gR146oZm5EWFEDoApCgpFgWz
5DCsrA55bZkJPxfXiwA2RxxY4xcaCZor78NcQHSK6Ww6MeaP,5GpgzzanADqHEkJVejYM6mUw5fYPHzvq2r4ChazZKBjVR9kj
5HVXhZuDyqR7mXoDcxNJdYxN5Y2EPuJMwSnRNsPW43Hnhqga,5HVXhZuDyqR7mXoDcxNJdYxN5Y2EPuJMwSnRNsPW43Hnhqga
5CtoqRoGUnq3sGVXZoy2tYiAec2L9X4VQVDJhgsse2dQvVzz,5CtoqRoGUnq3sGVXZoy2tYiAec2L9X4VQVDJhgsse2dQvVzz
5EhMdh7jLDnjdvZkNocDXgBxU83vB5pJyWAKKoT11FDb61ce,5Dc3iNUgoGShq1cJKeZvZ6i2KY1vJTC1jfEWRNhTpfQVNjvc
5GjScZS3iBDD5xGFW238vZVgxeKvv56myVoeSWVh7oRtSB2K,5Hdfejn4utPibVrDemkrkCzz5ecNFHW8LZgtQ8W8W9Adj5Yd
5GepZs2HZd8PcVNitt6f3VAsMXc68fGZwoAg1NszpbkMHzWF,
5DCu4GwXaX7xGQi5v3cvPAn5yqbEFVxQevTXXZnqiF4uAueM,5CJni4qSoe6phpux8UcuMo1Z6zBSP1pruBnpqa5Ti1PNVRRw
5Eyk5JdAoJE9YujzLutrU5tAdVAuh5WRCujUwRGoUoKjn1cY,5CB7ZfoxrLh915ihtw5gopvUHvPc2mzRp3chj3ZnoYeNgCt3
5HdpXX3sZC5n4qjifn9MsdVQXTLnBcYxWQNbxUXoDPqWpr7G,5H6aDesKARmY9GgSU9r2agkxYgB1Qiv44a198gehmab5oxSo
5CFrdVofvAtXCjx4qic3mkTaVwb875nGnUJHVkNifbLCyzsM,5HpqQYPFRwfFWm12BSr8hJrfbCDvRQAxPazfxZD48Vf4cN2y
5DCGou8ktZSzevdHcGbqCbXBULbctPN9GBXDY3914sAxjbQQ,5Fdu4AgGPVdjsvdAgK5TYNPL3BQgx45S19jHeLZw3NS2b3VH
5DcUsohqQycJYHBFTJ3PtF7Q4z4JKfWpqt3Yp9LdPARcEaz3,5DPNggHXLUu83xS6HA8kEnXhMuui91T6U7JYJCZvpwrdivD3
5HBWfx3MuVuZyhX7GW4bntmxxCow2DHUHNSRJ3FzVFoEioDk,5FmwA6BZMiP2veiVy9T1NqdK7thnjML6Qctwu3BxutFJhSZe
5CV7XmxVRB5UiJHHvLcpSGYtfh5eBQVajnCUvhFcTnsw5ijM,5GNTeRv6cxcnxMw6ug35Ffnp8Pcr9zHxoo8cPpjTaagf8szY
5DCLq5gPvps3jFtirgypmY9emFNxkerFqhCDoJSokLeCy18h,5EWsnViuGd2RxeLqEgfR7uhYgE2gYUjX9X9b4yioDGrMEHzh
5CiBNstL2mpp9Crww21qsUfszmEteLaujyBn62wgMSrRWhoE,5DRmpjBrmyfhFKruJUq1iytAiP7SRG2fhUiZLiUyrtyov7eN
5Dnq6tRQXCRYKH7Jdm5vvSaJeAjJLWALiGECdoRRFHkPFqvy,5ENfNks5emVknNQNownevbYJzq298Dj9FGB3ai2uPpTbn7Rd
5D7xJZzvMGHgcF5sCvCoERsjMwTaKjsMDUccNNhiAfjYz7op,5F1UYCBSVPe5AmT71ehe4FWxyKjMP5Lkz8gVXcYa5MxJTqMn
5E55Zy6fVhCndyHMB69iaMFVQjZBypMLrMt2BJXprZ5KStX8,5E7GSWUMiBrwEBJttBvSPVJH6rwVGXhLZnenkgVqtMKeSUEK
5DkrgC2myUMx7W91LcB72i73JUd4cFZ6i516PXPBsP5GrzHn,5FZmpgsdQjLp2XS5PqkzVQRdnfaCNwuamVcwrKFiLNnKpcPo
5EkGnGeDFEREmSVvJbZRFzPcCsxdiC2ZLeRKtNk1MpUZPKUz,5FpNRD6kJe1CSJFafjF2qfMz6gvDUtzU7CGu4T8iVhPbEUvQ
5CXCQczRWq4eXCxKXRs1hy8Y84dDVbSTgFKz58fUrncRZxZt,5GR7aRjqeRbBwLh6Ka8KkhneRojzo2x7A8LYCuUCCghnZkw8
5Gx9bfGGHQ6p2uakxTuUyDEYmwbPSw9Z2TiCaZLkAirjYgAQ,5DSD8Uty74BgJd3LA86Bmfpg2dMvfyQ6vpEdXP5x2Z1gqxpi
5FHb2LD6UMZ74dBQH6hP5vokXQnsSnWgVcrgEqjZY2nUnqFx,5FHb2LD6UMZ74dBQH6hP5vokXQnsSnWgVcrgEqjZY2nUnqFx
5DJJLnhLYVBt9Nou8sJACJhy7RPcm43bqrfnqwiheq5AzVSx,5DJJLnhLYVBt9Nou8sJACJhy7RPcm43bqrfnqwiheq5AzVSx
5CwobwtwkrTbSGrFnpPfxHk9zG56QkPbgVyo2XigPNBQ2nDE,5EvfLrHuNUc2svqnHLdVZj4zcmPtMFLxyLFpWLof49vZ1tUL
5GppW7UDYD93vqKsdnNxT3Lm7XpFXQkMTcQUZfDCyYEK1VBN,5Da2iinSC39zhQ74YHc61HX321zVWrBkXTGCKSkZwHE7kcMk
5DHd9jcQTQ8H1tuxG4nqGm4YiKkYTjpAMGGBVZjJ22CX7C5o,5EXSFnpa4RXsdK6dPUVDtyBnwMpKKKYChtEhKHNgFVrdDBDj
5EAKbv1LL6CQnV2LubUbYDMwCsmYrkrKmtZn3XAZnA7PTxds,5HK8s1ssddgxGk8gSooB7XpF9svKmqBcKAEmTyijqpcdovjm
5H1M6q9jZQSbjDUpyzi8waXcV74YJQSNwesi18EpNWHWp6PD,5HMxbd3SsooCjNi6H2yUurwCZ8myqQp9SS4UqgRkB8mm5sW5
5EpnBEdU7MeNd3eYxneusA1fF5toJX3f5mz7mRh7VU6rZXvd,5Gb2kssdEpfasLNUk7vz4jze35KAQjerkiMU1fx6ESnzUi3i
5EBzvb41Cry1xhDgnVLHEat9MYnq8GceuukaWmEwfDNAyB17,5DXLq614bvhyzCVvjFp7bKXnYMctL7JStXzDcugscq73hrr9
5CttuuZrK89K1ivNhHQEVYCNPtUtpVjHNdB5HKoxWAiqCpyt,5H6gaXsXMXnWVfobuE2BRiGmyU6bxEDFt9aniC5bzRhL5VoH
5FHxTP6YEzcipSNTZwAwaW6LSjvnL2ahADPaZV7ktRywTEyP,5G4f16J7Exdkkdsn3mKpSNeVEB5CfRPXaBrmxp5F69BLr6aZ
5FpipnQaVUQa7grMpqHNmbE8gQFf5nUzh5AHqmXNmB5qn34F,5E9h3osFzi1zG5PyLV2rA5zLG7KPLEqqfSHTZM99MvT5ZT3F
5EjxDSYsoxd3z21BfrgDFDX1UGxHMpr1NjZer5ybRrR2uE9f,5DkFX12EHfFfNaS1yGz75humfagLuW2sDajLadBZSMyZ1Stm
5D9wrMAFe43UVSunCxZFDDq1TkbsL1cifWyXPsQ7RmpgG5ia,5EREKUNJb145kRc12i1MA6hkAb9Q95DuUKZzjPF59a3GsD8S
5CXmA3U1uX3JFFqxEosqaPrV5N4h9mypGqTLyR4Jy6wyq4am,5FZHjTmixHDMyDHbYZ8CUNV9jhwfLdqdXW16fLvPxwAwYzLt
5GC6PSxmEhT7zwMDGqgchCXrxk5BRD2PnuWyrH2pYbKdwHTv,5CMSg6VMMYnXoHVe9p2idHaBqWt34Vqs4pLcWhQtapq1j6Qe
5EjX6ATU3QGodnbqJ6FnEaW3aZV1DBmCorQUeBMFwwAsq4Cv,5DXpfG6PVNMWfnDWefXL1VF2QFfihysSZsgHAYkkqLiuvWVF
5HpsguJAaHGi3EQU82gMf56A8BgXuGsozP5fE52CcK6xTjJs,5EThjn5tZKNAXd9o8wnFa8RxoWb5AY7QhynADKVJXQKMRzh5
5HBPsQ5znUdvQmYZe3KPnP6WWZcfGngaTSmPW5765VSk8u4m,5DyyaPsDuhciWNj2eUJ2ogMqqtx5pV3GQmUA5zH3HCP2fRXg
5ELeVzzyXauUd9s2FNKTAMLA8bSR1puNFzJAAZto6jPYuEvf,5ELeVzzyXauUd9s2FNKTAMLA8bSR1puNFzJAAZto6jPYuEvf
5ECJt38N1F34Jcb634Rvrp4Pvg34GqB4N7NTrKzEnTfrBx6D,5GnEtMGqmGVxnwLQBdUaMiZ8ZNweZeSBqGw1oHDGJYCq5xyd
5HHZhQkexqBAQxS4uAZCWA7diXs1xgNen8U7kCERNzegk1MS,5HHZhQkexqBAQxS4uAZCWA7diXs1xgNen8U7kCERNzegk1MS
5G8pCXgCKfV6m5QrR4y28DGBfJvVwP39nmELENQAEmR2X2vN,5GKe3vFkxoJ2pS1LHi7RVNxPYSd8haYYAAcgnAKqnvFp74sT
5G6CTbcttJj5vsBbKGdtgbvJ8GN9DBNNmGNJnPotKtnFbccx,5GMqGhvPpYGbiBS2JmD3TzURK4nkYR4UnebwUu5MF5Gjufbq
5FZ8QN7kgg6cpQWuL6eVTjZzXXsKfd5KSuWLky6YKyF768kP,5FZ8QN7kgg6cpQWuL6eVTjZzXXsKfd5KSuWLky6YKyF768kP
5CqvCqAcaoybS2Z62UJZU79r1VuFFzhTEUBKamZDk2GznrNS,5GL4RApQi5jJszMpDAhgCNNby3iutQwQk9v8uiE1ggAmGzyS
5HQrVtb8YHWSBwXtGLh9p9Aw173KJvGFsu4PoQQgKtr6G4ef,5HQrVtb8YHWSBwXtGLh9p9Aw173KJvGFsu4PoQQgKtr6G4ef
5HYqknrgFF43bu66SUa3c4HZbsAqC7YrU6kmBzJtJto7uwB9,5HQyAKe6fSBzsukiVRdWpTnB8NSEdMAV4TuFtsahTHHaZzic
5Cihn4PcW1F8stevyLJEm3h4m5q7Dxhnjo39dmA5rmPL5whN,5EtVExLiFr366G7aYgMBcb5mCYEwuCWVmy7bpzh6NS6TPZzB
5D7FwnXMC2sGJFnzo49qMDUytNhZ8G1DPdbGW84gm2UF2qLG,5D7FwnXMC2sGJFnzo49qMDUytNhZ8G1DPdbGW84gm2UF2qLG
5G3e43T31mE4Ki7d2ShnMganDJrgAFx7mjLWMpRUfWLcQQRG,5H3EfeEt655o2NVNq1q4JFre9V6wPGtz43fdKpBPb6z3PXok
5HmtmcMpXQ9Micor3ztWsPRwSoQSyU19MpH3xPjsuTPmBSJF,5HExkbDUBxjyWvuhcKXfeubQppXKrWvEnubKwApD6JKX8zGi
5HmDzgffg42GGf9D4mVskBdzzXWikScVWDfTwBa266wuqdR3,5CtjT2PgeKeTLo8vahcywEo2DL74C88wDhHZfqtZYJq3JHk5
5GzreYaoEVNsAo4QuKS1HrceC8tH82gRvviwK3tZCy7YsPBp,5Gn6xKPbWERffVhTn63jUzj3oSRVnAs3vn2FXHoozFSdgMTW
5E6mz84Y71xqgh6taV9KaqjvpRqFWFTYumyJxPuUBEvqWErJ,5HDuH9bbUQ942oLkDst3ME4nY6LBd6aQAixJPVvHpokeop8u
5C7PfTwmkssuo45dHxdyhBis4mHXoAtkL9A2UEqYYBkiAbfH,5FA3W2nMWCkTHMaDu9Zm3ayG7o5Dn6QFHbAYR8VYLw4piqHJ
5GHo7EyTo8eFkXGd4zAhkG57SjKwbja76C3yiyXrKaiCuTCy,5FsgFpQVLdDy3i4fFQ7BoGTRKpusWUdfnrkPGWpr22zjMQt7
5EUiv1qUCaCTZsnqDTzChUcp7g1VT84CRd1eAFTUirEjitkc,5GebvSfgx3868JhLa95vM9PgkPqyGdoazccjRLo9cKhaVhCy
5HmonJroWFCyZt7aJ8aLDm8e23xKm1jESSppqmoDVyc65riR,5CovxetdCh2MrN5b6XWhxWNRM5jirngkCfbeJNspnzyfuzyR
5DfZ7LqFEHuy1RcVtTmKJT6QBAiZs5uhbi7yrf4EHVccbfnw,5FADe9rt986uX7znam4ASWoRAL3V8uqQ5cnwmqLEzv9WqDj1
5CtZDGsM8WsUdbmRqpPB9CUUg6oQoAgQv6DDG8NEACae2k3x,5CDozTvdTgw2v38RiZBEFMXNtBAWUdhC9XHNXfdWMhgW9f5s
5CVLYEzRxT7E67658uF2UhoeXAbbZYNiSHtdPsw2KtBwmbRY,5CVLYEzRxT7E67658uF2UhoeXAbbZYNiSHtdPsw2KtBwmbRY
5GQbek5gFv4sGr6VNm2j7TLyXp4P1QkbgkmSyueVc5DwgHN6,5FeAf4ftDMS7rrQM4KWHMjSnLuv6RNi1bp4T8FBU4Xq4Yxru
5EZvq86hVxuq7gqUPALBr837BD1E8rX8iHgs8rMzuYyzv3tJ,5CLe1wQarYNPu3j2Ej5sX4jsbZrgzPs19gpjHXyqXrxEf5q2
5Gv5ZCu1c41C4SeVseZuTJcKepkX8FDZ3w6s8MjhyunUZ9vk,5EHY26nPwJ5aGmZ5ELx2WjfsmmvGD9w3AP5eWwudbAmqd71U
5E7vFhTaGMfzB2XfvhBF7ZuvrEtG9GCAGumrwfpqbgQHKN55,5FcUt1oEy8deFj6GQG28xo1rjCSfu3v3pvEpD845t5GWjAgx
5HDxHUgiwfHw2gnXrPMofZkeggjFhgRd5RZDiqm6ccB9Beuk,5HmRYRfM23yRKTYaqaAsTRSMQ9w4ngRjnn2yLRBco2BmBN4o
5FZFyRm8Yk6DH31tmgwCQfGKGTuimUqCTYwMVMGRD3iMW9kn,5HB9gHBhjeNjNNS26YMf8wRVrQonUBVv3QhWG1MVTnEJ6siW
5F1gnBwvGChtP6GrpvQxUsruVLhYwYCQARLLwiPDsxr5sHHx,5F2MsfRyyHmbJC9bcGnjMY3pShUG3Bj3tJ5c3rmxttrx5YxD
5DRYRuyArURfg3JPSEBCXiXq3FKHej3YkNSo5QTaJrhpodac,5F9vP3tCS7GVQtsAavQJbteN69YyHFsvEiWjeCxq8yY87pUY
5GHS12ULQnFCaYhftekL4bbbkzhNCrCYbpc8aPYZQQhGxTmo,5FP6XupewFW3jLVsiUjAaMZFxergoVgiRtyoMWbrw1Av4a8T
5GvAWNy3J5aFakjjeHKEUV7GrgoTQ9hKwTnSf3f3UBsi7utN,5GvAWNy3J5aFakjjeHKEUV7GrgoTQ9hKwTnSf3f3UBsi7utN
5CmDAuz8E8m9ckYFoftuCWae36FcaoyXuqd9XjRss2pN3pc9,5F4fT7chkLbej3k9zKMvqCka4HkNYW6ExRY9h4cxXVYT6gYx
5Cu6A5XYNBNtUohQ5T5mZV6aSaB5oZQ4BvJidTDqvUEVfadN,5CRkNHNpKgwDwHEYqENXdxTYMGggRLLyhUexQ7bBAhBqapcf
5HGn82JwqfuiBXP6VZb3SE5bJYfBfXMBPnY9VScfCjRqkiBM,5Dqqxdcg1V9CYWkQy2CQhGAwzxUdqbTeXDskHhew7vsAEHWt
5HNGavZFTVoKpeJYn78Z57NvdjD4yZyDbFMt6hopsdwVj2o7,5GmXHnZMNfVtJ8hwRPp3KT3pJ64CDLUR3ALbobNFRAjHRLg7
5CSGutKCfLH3gNYf4oXZ7SqP3rQ87K3wY83peyyDN1beb41Y,5Chq1Wz7BjrZU25s1KajicDGgWWbTBrJeURiF2YufejywDQx
5CtMVHbepNVDibcV8M2AEBHTCmSF4ju8sJE3QaY1oPTdg4cs,5GsKWtWvAM9SCmzKffWLwakY4QCG5iJwzdyZGhzBAegzzjEF
5FhM3oyyBCxqA3W7uCuSV1KqtPCaQ9bWEojTn8ihQj2HqpN4,5Cie3dhmDY5iZZCXjTw3aGZXee6vD43ZkR5Ex29dNGs2xy22
5DcE3vSV9eY23n89CApPTPw7XX2gJoYvQ7ihCL4gFQvqoorh,5Dcz2Vg11AxdGDJcgQRJ9Tii3ypip78egnMhmQj27Ax2dUYN
5E818DPtBVjW3JGCa7vSjQ9gJwVaFv5732SRVUbgw4NhZQLs,5E818DPtBVjW3JGCa7vSjQ9gJwVaFv5732SRVUbgw4NhZQLs
5GxjXYFPCgc71MFHuhhPofWBKkB6SQFn5ZvPmioxgEjNFXqR,5GxjXYFPCgc71MFHuhhPofWBKkB6SQFn5ZvPmioxgEjNFXqR
5HeC2ShWfS3gCK7r64SQXauHSaEtWC4zbekoJ3GbewptESdG,5HeC2ShWfS3gCK7r64SQXauHSaEtWC4zbekoJ3GbewptESdG
5EyPcqcKVhwfuGV18zXLa7CLNsyTePpupynkX56XNYMxjiPv,5EyPcqcKVhwfuGV18zXLa7CLNsyTePpupynkX56XNYMxjiPv
5GWnSATvJdASZ99Qm1dLk294gKdGoEiouLh2uStoXqQdBiMk,5FFAg7bqvcSuspf8GB9QpVWATeiKNmZqn8MZkeowaxRin1fb
5Dnf5fkpJVDtpSvigeXNcAr1AgMEvTGuTN2dkGDECYhqJSnB,5HnEXkD5vBnHBjWQZNt3FhX1FbKReJxXpBx77Aavtk8S4bbY
5G93ztKKVn8QFdgejojoGctWwDj8QXg9FGCAvLMNFK18XcqS,5F6Zs8o4abWPqFNALfuHq4t4RzHHTuhTeNz1X6PgEki1UZJp
5FeSSgV2FvvE74kgHESNa9Ua1azbjm3NxeKXgF8xaBUGV5Qq,
5Dh8GiAjdw6284H3XnweEZSsr3w2kB3yFaTZ4ScYcyYxCmun,5HeUwPV93dZyhdUrZHoXMSrZWcwSjDyz9AAFMJjrRsfA7N6r
5F21NdLkGKhq1eQhYZ6iPgwBm6KpEB8WnU7BYMpSMdWojqbV,5F21NdLkGKhq1eQhYZ6iPgwBm6KpEB8WnU7BYMpSMdWojqbV
5GvSbGbpuUMQGRWnCQpCo9kJfdgy2gpuwdY9PAq5wxDPA2Y2,5GTziYwTBtcgjJhdhjcWM4jN4VFVDzXVSLAGro4WeFbJSuF3
5CtbZuHHngTcWYGengmSgc33zGFWpoPHFLT9S3QJ2TgxSkxz,5DbxibQHScJiQUBHjQ5BUHM84TrfUiFk65mLPMdVRLLj9na6
5Fvoks3PEH4PCQuG7kGwbBdHZJK1VYdv1Hko9SF4RyN8JAne,5Fvoks3PEH4PCQuG7kGwbBdHZJK1VYdv1Hko9SF4RyN8JAne
5DPVb97TMiBE9QvMqbSijB25Ub54KCig32rvv7KWrDKKMUWt,5Ff6egUZNQtCcv3tGF5ypyLD7pPiLcPUDzkmwXYTBYDgmZn7
5HETwf2cf2kZaGk5joaJSqZ8R5LLP6x1tWAqr2TLEHAHqrrL,5EX6pcPqUKWdAXaw4SnS34vrTsmKQh34mR9oCMqQrSnXnfK7
5DvSi9mTae6pH1MrDGP5uAnaVsFQNi2jfCgpu5H7u7KLVvNQ,5Ekcu9yPXSUuNeivsZ8EYgNaCWRUTGcLeDxuepS7xzxg2oKR
5EpjugPikQcoa5ryZPYijmw99nTy3UXnY2HxNSBLLZXDHfM5,5G9Rn8Rny82QKYPuwyLmEYksmT4faqCBzvHDRdx9n7V3bnBo
5Dciz18g38mz6UWdQR1gqbJQWe1Fhqy58PXEXv4mBSxjitas,5Dciz18g38mz6UWdQR1gqbJQWe1Fhqy58PXEXv4mBSxjitas
5C7wmQf4nbdfTXqqXgEEVSNHAyJAVpQF6Si7SeWgpajCF8km,5C7wmQf4nbdfTXqqXgEEVSNHAyJAVpQF6Si7SeWgpajCF8km
5HBGFLVvUeQ4ZqtNCDJ7nTkZ77RZScKsziVd4gxCrgGPkk6K,5DCp1tZ5ae33KUKTSJ3RRhNZHKAa79nSEVaciRxUmiZaN3Uq
5FqTpEmbfXrLNjTwZ4v1uu9k5s52ttmhShySkJaNHAzrfsa3,5DEzgHfNET9nW4WtKR6VCTeEMSFR5WnCjDPWRD1xo14DEUZN
5HL6e7ySwrsCdKbF41RSheKw3tA77B5QZbCSBdEUubGmpLMX,5HVTNTVM5nSeJbb4obu3h4LWVRs3keXycZKSEe8TXqYqcemP
5Hjck9jZiwcvcubdQYzAyqwm8e8YbgKXqqGhjhM7FZnhwCEm,5E9NJUdSJhoMJm8m5jbFtxdSU2hTpAvgD4tM2T5cLY22DE1D
5ECHW4xjL8iJuTBBijS18hjmT9DPpzCfUCEVhqmgSZAvyz3K,5HZ2JXyN1cTTeAXge4w4EUjcmHBSDvn4U8PReBHdSynSzKcN
5GRGss5uwAiJhPKc9XXgAZ3apYbLKvuyHJv8fkYAfNtGHDUf,5HR9gw4q8c8cUfAKDcsyMV3HZZNAHnuavsRuuPU2pSChMtYV
5HKziCAGjptdghpgpUiuCAphiSjJoFjZfYywxX6PpDRUYMsw,5HKziCAGjptdghpgpUiuCAphiSjJoFjZfYywxX6PpDRUYMsw
5G3jjG9okMMLbByPDzLZFJbfQhhDJKrPnaJBjBZHXQxaUcmH,5EZTNuYgv3GRpoGMDmoZj6TUewEMiA54nkHgTvFzcGcPfWiV
5CZZB4njZzCzxkEGkcTL4ri61uahuKdbp2bup3T5VCo5L2S2,5CZZB4njZzCzxkEGkcTL4ri61uahuKdbp2bup3T5VCo5L2S2
5GzphkpD5ZgwE3B4C2KoL1Mmbw61KLdcfWBPx1mTikJ1AxNe,5G49M5qhoMqgRerv5kjEq4R7sPuzCZHiD1PgWgDb5AVnud6L
5EcXHFabk1N8f1RJy4iAEVBYZLSiu82DFGQWNSiXKTmvairQ,5EcXHFabk1N8f1RJy4iAEVBYZLSiu82DFGQWNSiXKTmvairQ
5DqQbeEFffsFz5cX8Sm6P3xVSaMeMxBbDXSW4FgVsnMFntqo,5CrWd4ZQygPAmqpCfxK6ygYTscRpBKUXd29LTdDgEYtPPbwJ
5EHTDM5csTxXMU6an7NFarqxdzMTvZMsNcAn9E54XVRWUGDK,5EkFuuZCamDq2g2pqX7xy9gkXHHfuVaCCiVTZyP39L9td9X6
5CDF9k6RqhQ1wUpt1tVM1H5yoWQvovbz6iDJvxcusCg8DM99,5Fhbi6UZRByAQhawRGSFuYxdeGmgfM8ojPmqFAy7EGVb33YR
5CtuopnYtjzrekyrjWWzXcoDmmzNE6hbpbPY69qwSMs9WpWU,5F6TcoUDKkQGUmH2HoNyxbGrxq2zVRwuFkjbukKYa12jKDRK
5GbvZcrJtGdskp2GbApfhrXMLpNdqN4auYeKRM4CGft5NDR1,5GbvZcrJtGdskp2GbApfhrXMLpNdqN4auYeKRM4CGft5NDR1
5FgaxsUuPQabPZWLdh9NRQgo4RNZrs3FDnf6vAvLBSQRPzLf,5HMog6oemrG53E2KP5suWctrJucBeqDWnea9shS7mQxEYHYk
5DvsTN9X5JyFfj4bswiu2zGoeMY28t6Bz64iWnFMS9rY4VMG,5DvsTN9X5JyFfj4bswiu2zGoeMY28t6Bz64iWnFMS9rY4VMG
5DEzgHfNET9nW4WtKR6VCTeEMSFR5WnCjDPWRD1xo14DEUZN,
5CV8ABao9dG6RPxD1Ex7t4XNzPRjpER4G932vGEDpoSwHSqw,5HKFi7xk5dtECettwyNUddC1GBxXxVxe1adDA7dhEtrhNwbj
5HjBvkDu6MhAxZUJjqacDM5iv4royrsxCffUUB6vWtBF63nt,5DtbdY3ui6DjAxbNgS3ioBU5swcLKAdD7Hu1Mo3FmS2iR3bZ
5Co3sp8XZKcuezBgo6J9VDxHCJowo2NU5vY2PM9YpzwJE6fA,5Fc6RpcUDG9oSjNELABpAqMpjDqgJxn4oCtfRhi82CGqqE5Y
5EJDXvgC7hh84qNKuV6anvXK5HziuSWWDhy4kauWghoiq6B3,5EJDXvgC7hh84qNKuV6anvXK5HziuSWWDhy4kauWghoiq6B3
5FfAJN7h4T2SMWrVVG8252hp4PqGJ3DtFvdNdUDdi1E89AFA,5EyHy8xEJuNsSJ2nUUnKUW1UhfRm4kbJKCAKuPW5UAKJZLEy
5HMykgjy79GPzWrR17xcdFgfYPPjEFT18FByXbioswtYMYck,5G3qb2VPDrPicKWp1u3KncxtQUoxGjUnuZQEKnG3tLjB4iKC
5EjtHLoM42mncBXyi2hngJ4nzWcStvNhbmARQnrMWp6HvkHT,5EPAiw6t8P6mMGWsQgdHCNLprmEKfP3JzqbzaYVyz6ApwGSx
5DXrpsb9fqjgc5JhKZtDyuWnKxW4J7STYHwwPHRz8kWt1CTe,5FegSAkoJrxU8bRMquCD7SickYWBNr5DiAyCb1FY9Hpb5PM6
5H5uruyncUYq99uUgKoyDKFZvo1T8V7CA6EUWxLBGJnch4PX,5GYRBbwjNw82X7s7SQE9YgSYUCh2krJXn15yLivcCiqi5pCb
5C7Qvjj98A4Krcb18SMPbbmBnM278HAbNCsAQJjLjYpWzxmK,5GePrt439Mbp8pwr4FiQhAk8muyj862dNmtwWGge28eLt2qX